1	|5A52022	| 2	| Sushil_Kumar	|25/6/2020	|This is A Good Project
2	|3A52022	| 3	| Isha_verma	|14/7/2018	|Fabelous project
3	|1A52022	| 4	| Arpit_Verma	|13/6/2020	|Awesom proect
4	|2A52022	| 2	| Anita_Verma	|06/04/2016	|Not so good
5	|4A52022	| 3	| Isha_verma	|12/05/2018	|Good Project
6	|1B52022	| 2	| Sushil_Kumar	|09/04/2017	|Bad!!!
7	|4B52022	| 3	| Sushil_Kumar	|06/03/2018	|Good project
8	|2B52022	| 3	| Anita_Verma	|04/02/2019	|Good Project
9	|3B52022	| 2	| Anish_Kumar	|28/6/2020	|I liked this Project, a good project
10	|5A52022	|5	|sushil kumar	|09/07/2022	|The best ever
11	|5A52022	|5	|sushil kumar	|09/07/2022	|The Best
12|5A52022|2|Anil kumar|09/07/2022|Not That Great
13|5A52022|3|Amit Kumar|10/07/2022|Good Project
14|5A52022|3|Anish Mehta|10/07/2022|I liked it
15|5A52022|5|Isha Verma|11/07/2022|This is a good project!!!
16|4C52022|4|Isha Verma|11/07/2022|Good Project!!
17|5A52022|3|Rudra Kadam|11/07/2022|good
18|5A52022|2|Arpit Verma|11/07/2022|nice
19|5A52022|5|Isha|12/07/2022|PERFECTION>